name,email,company,city
Leanne Graham,Sincere@april.biz,Romaguera-Crona,Gwenborough
Ervin Howell,Shanna@melissa.tv,Deckow-Crist,Wisokyburgh
Clementine Bauch,Nathan@yesenia.net,Romaguera-Jacobson,McKenziehaven
Patricia Lebsack,Julianne.OConner@kory.org,Robel-Corkery,South Elvis
Chelsey Dietrich,Lucio_Hettinger@annie.ca,Keebler LLC,Roscoeview
Mrs. Dennis Schulist,Karley_Dach@jasper.info,Considine-Lockman,South Christy
Kurtis Weissnat,Telly.Hoeger@billy.biz,Johns Group,Howemouth
Nicholas Runolfsdottir V,Sherwood@rosamond.me,Abernathy Group,Aliyaview
Glenna Reichert,Chaim_McDermott@dana.io,Yost and Sons,Bartholomebury
Clementina DuBuque,Rey.Padberg@karina.biz,Hoeger LLC,Lebsackbury
